S.N.,Winter_Trend,PreMonsoon_Alpha,PreMonsoon_Trend,Monsoon_Alpha,Monsoon_Trend,PostMonsoon_Alpha,PostMonsoon_Trend,Annual_Alpha,Glaciers Number,Glaciers Area (sq. km),Glacial Lakes Number,Glacier_Lake_Ratio,Total_Trend_Magnitude,High_Monsoon_Trend,Cluster
-1.709108724329423,-0.6980652866677463,0,-0.8305869460595446,0,0.8076930672490293,0,0.0183739150080933,0,0.9917809770893592,-0.4432793561266386,1.006460933716126,-0.4736321859217141,2.184986519873401,1,0.0
-1.6629165966448438,0.768974148766306,0,1.16294461040752,0,-0.3721036650222292,0,-0.4026949705940481,0,0.6526244875486668,1.3005034051068292,-1.3135184868441705,0.3136469549782064,1.6706756155302256,0,1.0
-1.616724468960265,-0.9914731737545568,0,-0.3423547026976427,0,1.4564304008508724,0,-0.6323689081952159,0,0.6526244875486668,1.3005034051068292,-1.3135184868441705,0.3136469549782064,3.3225332346493714,1,1.0
-1.570532341275686,0.1332570600782167,0,-0.9229478513802796,0,0.756397557150279,0,0.8605116862123758,0,-2.699039644382881,-2.916354440399337,-1.7100644900389816,3.9636329412666553,1.4846092825151591,1,2.0
-1.5243402135911068,-0.8936705447256199,0,-1.607476606229843,0,0.8951971727116036,0,0.6691167382114025,0,0.9917809770893592,-0.4432793561266386,1.006460933716126,-0.4736321859217141,1.9204407882950856,1,0.0
-1.478148085906528,-0.795867915696683,0,-1.0817508533784372,0,0.6658760687407195,0,1.5495334990158798,0,0.9917809770893592,-0.4432793561266386,1.006460933716126,-0.4736321859217141,1.9617996779091955,1,0.0
-1.431955958221949,1.2090859793965216,+,0.8547912787689278,0,1.2784048069787386,0,1.3198595614147115,0,0.9917809770893592,-0.4432793561266386,1.006460933716126,-0.4736321859217141,3.715878788271796,1,0.0
-1.3857638305373698,-0.6491639721532778,0,-0.0452932009496954,0,-0.7311722357134818,0,-0.6323689081952159,0,-0.7581525067592553,-0.2259855541037766,0.4764975836520327,-0.432282470039156,2.3226507395088563,0,3.0
-1.339571702852791,2.089309640656953,0,0.6896399439140245,+,2.0689591390888915,0,1.0519066342133492,*,0.9917809770893592,-0.4432793561266386,1.006460933716126,-0.4736321859217141,6.449527540787588,1,0.0
-1.293379575168212,0.1821583745926851,0,0.5569096065008976,0,0.0292082669268178,0,0.5542797694108186,0,-0.7581525067592553,-0.2259855541037766,0.4764975836520327,-0.432282470039156,0.4451592057315666,1,3.0
-1.2471874474836329,-0.6980652866677463,0,-0.0061629009417576,0,-0.0522610726417856,0,-1.2831117313985252,0,-0.7581525067592553,-0.2259855541037766,0.4764975836520327,-0.432282470039156,1.055676156878964,0,3.0
-1.200995319799054,-0.5024600286098726,+,1.9146752735851456,0,0.1408514359652745,0,0.4777217902104292,0,0.6526244875486668,1.3005034051068292,-1.3135184868441705,0.3136469549782064,1.2427651007601657,1,1.0
-1.154803192114475,0.4755662616794956,0,-0.7019042034208527,0,0.222320775533878,0,1.0901856238135437,0,-2.699039644382881,-2.916354440399337,-1.7100644900389816,3.9636329412666553,1.1223430101532992,1,2.0
-1.108611064429896,0.3288623181360904,0,-0.601672974927605,0,0.0533473305027003,0,0.3628848214098453,0,0.9917809770893592,-0.4432793561266386,1.006460933716126,-0.4736321859217141,0.429721676549165,1,0.0
-1.062418936745317,0.768974148766306,0,0.6880528606998381,0,-0.2966690913475963,0,-0.6323689081952159,0,0.9917809770893592,-0.4432793561266386,1.006460933716126,-0.4736321859217141,1.394987204471734,0,0.0
-1.016226809060738,-1.2848810608413672,0,-1.1297539071945446,0,0.4305201988758648,0,0.286326842209456,0,-2.699039644382881,-2.916354440399337,-1.7100644900389816,3.9636329412666553,1.724605858448841,1,2.0
-0.9700346813761588,-0.8447692302111515,0,-0.2777588773208396,0,-0.7975546605471586,0,-1.2065537521981358,+,0.6526244875486668,1.3005034051068292,-1.3135184868441705,0.3136469549782064,2.382117521423203,0,1.0
-0.92384255369158,-0.3557560850664674,0,-0.0791119204466201,0,-0.4867642170076711,0,-0.287858001793464,0,-0.7581525067592553,-0.2259855541037766,0.4764975836520327,-0.432282470039156,1.297984865811333,0,3.0
-0.8776504260070009,-0.8936705447256199,+,1.6296038837260294,0,1.175813786781238,0,0.2097688630090665,0,-0.7581525067592553,-0.2259855541037766,0.4764975836520327,-0.432282470039156,3.3968021287771046,1,3.0
-0.8314582983224219,-1.1870784318124303,+,-1.9177685354583196,**,-1.6092306732862085,0,0.0183739150080933,**,-0.7581525067592553,-0.2259855541037766,0.4764975836520327,-0.432282470039156,4.533928674442991,0,3.0
-0.785266170637843,0.0843557455637483,0,-0.6509897217845376,0,0.4486244965577767,0,1.2433015822143223,0,0.9917809770893592,-0.4432793561266386,1.006460933716126,-0.4736321859217141,0.8456893675685584,1,0.0
-0.739074042953264,1.502493866483332,0,-0.631307996317036,0,1.1365878084704288,0,0.4777217902104292,0,0.9917809770893592,-0.4432793561266386,1.006460933716126,-0.4736321859217141,3.401059730084434,1,0.0
-0.6928819152686849,-0.8447692302111515,0,-0.961115959998856,0,-0.3268429208174494,0,0.0183739150080933,0,0.6526244875486668,1.3005034051068292,-1.3135184868441705,0.3136469549782064,1.7801203099543783,0,1.0
-0.646689787584106,0.8178754632807743,0,0.9781174676213352,0,1.718942717238595,0,-1.053437793797357,0,0.6526244875486668,1.3005034051068292,-1.3135184868441705,0.3136469549782064,4.117505021298372,1,1.0
-0.600497659899527,2.578322785801637,*,-1.6458932513696565,0,0.0322256498738031,0,1.855765415817437,0,0.9917809770893592,-0.4432793561266386,1.006460933716126,-0.4736321859217141,2.6776252275664225,1,0.0
-0.5543055322149479,-0.8936705447256199,0,0.4262823614603351,*,-2.1734812843724627,0,-0.5558109289948264,*,-0.7581525067592553,-0.2259855541037766,0.4764975836520327,-0.432282470039156,5.282082638115361,0,3.0
-0.508113404530369,0.5733688907084323,0,-0.7079637605100654,0,-0.0130350943309765,0,-0.7472058769957999,0,0.9917809770893592,-0.4432793561266386,1.006460933716126,-0.4736321859217141,1.089453619046035,1,0.0
-0.46192127684579,-0.1112495124941253,+,1.7936439052788289,0,0.0261908839798325,0,0.8605116862123758,0,-0.7581525067592553,-0.2259855541037766,0.4764975836520327,-0.432282470039156,0.7821750735318879,1,3.0
-0.4157291491612109,0.5244675761939639,0,-0.8739624865516632,0,0.1800774142760836,0,1.4346965302152956,0,0.9917809770893592,-0.4432793561266386,1.006460933716126,-0.4736321859217141,0.8129924616630719,1,0.0
-0.369537021476632,2.431618842258232,0,0.4488932673567042,0,1.0068403417500602,0,0.8987906758125705,0,0.9917809770893592,-0.4432793561266386,1.006460933716126,-0.4736321859217141,4.586775895699337,1,0.0
-0.323344893792053,-2.2629073511307354,0,-1.017971647999985,0,0.0714516281846122,0,0.7839537070119865,0,0.9917809770893592,-0.4432793561266386,1.006460933716126,-0.4736321859217141,2.5490546683841986,1,0.0
-0.2771527661074739,2.2849148987148267,0,0.3167558670728146,0,1.2844395728727094,0,0.7456747174117918,0,-2.699039644382881,-2.916354440399337,-1.7100644900389816,3.9636329412666553,5.17955966946164,1,2.0
-0.230960638422895,1.013480721338648,0,0.688245772380608,0,-0.4716773022727446,0,-0.5175319393946317,0,0.6526244875486668,1.3005034051068292,-1.3135184868441705,0.3136469549782064,1.7895125880184095,0,1.0
-0.184768510738316,-0.4046573995809358,0,-1.732537816701935,+,-2.2006377308953304,0,-3.235340201008453,*,0.6526244875486668,1.3005034051068292,-1.3135184868441705,0.3136469549782064,5.304527076494184,0,1.0
-0.1385763830537369,-0.0134468834651885,0,0.4106245606223889,0,0.3399987104663054,0,0.286326842209456,0,-0.7581525067592553,-0.2259855541037766,0.4764975836520327,-0.432282470039156,0.8704355027894244,1,3.0
-0.092384255369158,-0.3557560850664674,0,-0.1538338338029749,0,-0.6466855131978928,0,1.0519066342133492,0,-0.7581525067592553,-0.2259855541037766,0.4764975836520327,-0.432282470039156,1.3787760780153762,0,3.0
-0.046192127684579,-0.6491639721532778,0,0.7645168967193415,0,-0.4958163658486271,0,-0.5175319393946317,0,-0.7581525067592553,-0.2259855541037766,0.4764975836520327,-0.432282470039156,1.672587673418766,0,3.0
0.0,0.6630196706078072,0,0.1412026870505109,0,-1.401031249944222,0,0.8222326966121812,+,-0.7581525067592553,-0.2259855541037766,0.4764975836520327,-0.432282470039156,3.085397305374664,0,3.0
0.046192127684579,-0.0587295007055862,0,-1.0659747018160923,0,-1.1143798699806169,0,-1.168274762597941,+,0.6526244875486668,1.3005034051068292,-1.3135184868441705,0.3136469549782064,2.5873789780725938,0,1.0
0.092384255369158,-0.302258046987639,*,1.5022360176354068,0,0.7624323230442497,0,-0.1730210329928799,0,-0.7581525067592553,-0.2259855541037766,0.4764975836520327,-0.432282470039156,2.044150394843121,1,3.0
0.1385763830537369,-0.5652493164464502,0,-0.0244883271076503,0,-1.1053277211396608,0,0.056652904608288,0,0.6526244875486668,1.3005034051068292,-1.3135184868441705,0.3136469549782064,2.738453804028137,0,1.0
0.184768510738316,1.261816266837473,+,-0.935788904977537,**,-0.7432417675014229,+,-0.2495790121932693,**,0.6526244875486668,1.3005034051068292,-1.3135184868441705,0.3136469549782064,2.7498071506462543,0,1.0
0.230960638422895,-0.0990241838655082,*,2.259680653787001,0,-0.112608731581492,0,-0.4409739601942423,0,-0.7581525067592553,-0.2259855541037766,0.4764975836520327,-0.432282470039156,0.4802121099619617,0,3.0
0.2771527661074739,1.2525543578684326,0,-0.8411083254585878,0,-0.2574431130367871,0,1.7792074366170476,0,0.9917809770893592,-0.4432793561266386,1.006460933716126,-0.4736321859217141,1.7274022621927994,0,0.0
0.323344893792053,0.674134939396946,0,-0.3795405003037101,+,-0.1940780711500955,0,0.9753486550129598,*,0.6526244875486668,1.3005034051068292,-1.3135184868441705,0.3136469549782064,0.9098363601613616,0,1.0
0.369537021476632,-0.1263111173645816,0,-0.4978912247023967,0,1.3387524659184449,0,-0.5558109289948264,0,0.6526244875486668,1.3005034051068292,-1.3135184868441705,0.3136469549782064,2.2868373148285404,1,1.0
0.4157291491612109,0.5167851796837409,0,1.7626076113125173,0,0.8861450238706476,0,0.5925587590110133,0,0.6526244875486668,1.3005034051068292,-1.3135184868441705,0.3136469549782064,2.622797200065813,1,1.0
0.46192127684579,-0.5925851512600379,0,-0.2138494861455488,0,-0.504868514689583,+,-2.048691523402418,0,0.6526244875486668,1.3005034051068292,-1.3135184868441705,0.3136469549782064,1.5475103653341618,0,1.0
0.508113404530369,-0.5417766854795052,0,0.0346870350916929,0,-0.5863378542581866,0,-0.0581840641922958,0,-0.7581525067592553,-0.2259855541037766,0.4764975836520327,-0.432282470039156,1.565246133116846,0,3.0
0.5543055322149479,0.1094127791209619,0,1.1235136995596096,0,0.3218944127843935,0,-0.2113000225930746,0,0.6526244875486668,1.3005034051068292,-1.3135184868441705,0.3136469549782064,0.8989330189032727,1,1.0
0.600497659899527,1.1948214659526513,0,-0.4978912247023967,0,-0.0401915408538444,0,-0.9386008249967728,0,-0.7581525067592553,-0.2259855541037766,0.4764975836520327,-0.432282470039156,1.336091844045595,1,3.0
0.646689787584106,0.1901635197787035,0,1.0525032649203976,*,2.699592175008822,0,-0.2495790121932693,*,0.6526244875486668,1.3005034051068292,-1.3135184868441705,0.3136469549782064,5.422813461446243,1,1.0
0.6928819152686849,-0.85088189452546,0,0.484419787806702,0,-0.3721036650222292,0,0.0949318942084827,0,-0.7581525067592553,-0.2259855541037766,0.4764975836520327,-0.432282470039156,1.3344044815910976,0,3.0
0.739074042953264,0.5112740015379604,0,0.1412026870505109,0,-0.4777120681667152,0,-0.8620428457963839,0,0.9917809770893592,-0.4432793561266386,1.006460933716126,-0.4736321859217141,1.684619783191564,0,3.0
0.785266170637843,-0.9912775684964988,*,-1.5157074545311011,***,-1.9230384997726813,+,-1.053437793797357,***,-0.7581525067592553,-0.2259855541037766,0.4764975836520327,-0.432282470039156,5.039466505951841,0,3.0
0.8314582983224219,-2.780185456064782,**,-1.6577283238095253,0,0.0684342452376269,**,-2.240086471403392,+,0.6526244875486668,1.3005034051068292,-1.3135184868441705,0.3136469549782064,3.2624861038718667,1,1.0
0.8776504260070009,-0.5342458830442771,0,0.1412026870505109,0,-0.5621987906823042,0,0.2480478526092612,0,-0.7581525067592553,-0.2259855541037766,0.4764975836520327,-0.432282470039156,1.300924359008774,0,3.0
0.92384255369158,0.2362774593658473,0,-0.6754173113004266,0,-1.0932581893517197,0,0.2097688630090665,*,0.9917809770893592,-0.4432793561266386,1.006460933716126,-0.4736321859217141,2.4129225423660574,0,3.0
0.9700346813761588,-0.5210914294398851,0,-0.935788904977537,0,-0.6647898108798047,0,0.3246058318096506,0,0.9917809770893592,-0.4432793561266386,1.006460933716126,-0.4736321859217141,1.909950187018429,0,3.0
1.016226809060738,0.946921142153005,0,0.9459876129615796,0,-0.7251374698195111,0,0.1332108838086774,0,0.6526244875486668,1.3005034051068292,-1.3135184868441705,0.3136469549782064,2.2617064562152334,0,1.0
1.062418936745317,0.4916205632345954,0,-0.1073338341867309,0,-0.0643306044297269,0,0.8987906758125705,0,0.9917809770893592,-0.4432793561266386,1.006460933716126,-0.4736321859217141,0.5665542628657142,0,0.0
1.108611064429896,0.1013342819631717,0,-1.4565320923317575,0,-0.8820413830627475,0,-1.742459606600861,0,-0.7581525067592553,-0.2259855541037766,0.4764975836520327,-0.432282470039156,1.934926477419465,0,3.0
1.154803192114475,-0.8741100189198325,*,1.596916597154356,0,-0.1880433052561248,0,0.7456747174117918,0,-0.7581525067592553,-0.2259855541037766,0.4764975836520327,-0.432282470039156,1.258351925060753,0,3.0
1.200995319799054,0.0473374504762957,0,1.1235136995596096,0,0.4305201988758648,0,0.6691167382114025,0,-0.7581525067592553,-0.2259855541037766,0.4764975836520327,-0.432282470039156,1.0540543667953264,1,3.0
1.2471874474836329,-0.9675115296424672,0,-0.5452315144618713,*,-1.9682992439774611,0,-2.0104125338022234,*,-0.7581525067592553,-0.2259855541037766,0.4764975836520327,-0.432282470039156,4.781778921586237,0,3.0
1.293379575168212,-0.2008856219991459,0,-0.2256845585854175,0,-0.0733827532706828,0,1.511254509415685,0,-0.7581525067592553,-0.2259855541037766,0.4764975836520327,-0.432282470039156,0.4833920821600114,0,3.0
1.339571702852791,-0.9027172879107964,0,0.7329563090439438,0,-0.4415034728028914,0,0.056652904608288,0,-0.7581525067592553,-0.2259855541037766,0.4764975836520327,-0.432282470039156,1.504755085577566,0,3.0
1.3857638305373698,-1.6669470311429089,0,-0.2848599207847608,0,-0.8247111070700264,*,-1.8572965754014448,0,-0.7581525067592553,-0.2259855541037766,0.4764975836520327,-0.432282470039156,3.3604882721720064,0,3.0
1.431955958221949,-0.3910628341459136,**,2.4845470301445056,0,-0.1488173269453158,0,0.9753486550129598,0,-0.7581525067592553,-0.2259855541037766,0.4764975836520327,-0.432282470039156,0.9842407972794504,0,3.0
1.478148085906528,1.0800500807871938,0,-0.0599935444272563,0,0.3068074980494669,0,0.1714898734088721,0,0.9917809770893592,-0.4432793561266386,1.006460933716126,-0.4736321859217141,1.7174772821774784,1,0.0
1.5243402135911068,-0.4380569973943176,0,0.7092861641642064,*,2.817270109941249,0,-0.287858001793464,*,0.6526244875486668,1.3005034051068292,-1.3135184868441705,0.3136469549782064,5.837500276814754,1,1.0
1.570532341275686,0.231426448966012,0,0.0110168902119556,0,1.5288475915785198,0,1.0519066342133492,0,0.6526244875486668,1.3005034051068292,-1.3135184868441705,0.3136469549782064,2.9904811218602663,1,1.0
1.616724468960265,1.2992453329668472,0,-0.4978912247023967,0,-0.0401915408538444,0,-0.9386008249967728,0,-0.7581525067592553,-0.2259855541037766,0.4764975836520327,-0.432282470039156,1.4327606474565586,1,3.0
1.6629165966448438,1.127875566382344,0,-0.0718286168671249,0,0.8559711944007945,0,0.2097688630090665,0,-0.7581525067592553,-0.2259855541037766,0.4764975836520327,-0.432282470039156,3.0150072096159173,1,3.0
1.709108724329423,-0.9677071349005252,0,0.8394719610027618,0,-1.0600669769348812,0,-0.8620428457963839,0,-0.7581525067592553,-0.2259855541037766,0.4764975836520327,-0.432282470039156,2.635517104485665,0,3.0
